nombre,apellido,email,telefono,dni,empresa,tipo
Ana,Sanchez,ana.sanchez.1@iaweek.demo,5491160000001,30000001,Innova Eventos,General
Bruno,Flores,bruno.flores.2@iaweek.demo,5491160000002,30000002,Startup House,General
Carla,Molina,carla.molina.3@iaweek.demo,5491160000003,30000003,Consultora Prisma,General
Diego,Arias,diego.arias.4@iaweek.demo,5491160000004,30000004,Independiente,General
Elena,Martinez,elena.martinez.5@iaweek.demo,5491160000005,30000005,Innova Eventos,General
Federico,Ruiz,federico.ruiz.6@iaweek.demo,5491160000006,30000006,Startup House,General
Gabriela,Suarez,gabriela.suarez.7@iaweek.demo,5491160000007,30000007,Consultora Prisma,General
Hernan,Cabrera,hernan.cabrera.8@iaweek.demo,5491160000008,30000008,Independiente,General
Irene,Fernandez,irene.fernandez.9@iaweek.demo,5491160000009,30000009,Innova Eventos,General
Javier,Torres,javier.torres.10@iaweek.demo,5491160000010,30000010,Startup House,General
Laura,Medina,laura.medina.11@iaweek.demo,5491160000011,30000011,Consultora Prisma,General
Marcos,Vega,marcos.vega.12@iaweek.demo,5491160000012,30000012,Independiente,General
Natalia,Gomez,natalia.gomez.13@iaweek.demo,5491160000013,30000013,Innova Eventos,General
Oscar,Romero,oscar.romero.14@iaweek.demo,5491160000014,30000014,Startup House,General
Paula,Acosta,paula.acosta.15@iaweek.demo,5491160000015,30000015,Consultora Prisma,General
Ramiro,Ortiz,ramiro.ortiz.16@iaweek.demo,5491160000016,30000016,Independiente,General
Sofia,Ibarra,sofia.ibarra.17@iaweek.demo,5491160000017,30000017,Innova Eventos,General
Tomas,Perez,tomas.perez.18@iaweek.demo,5491160000018,30000018,Startup House,General
Valeria,Ramirez,valeria.ramirez.19@iaweek.demo,5491160000019,30000019,Consultora Prisma,General
Walter,Castro,walter.castro.20@iaweek.demo,5491160000020,30000020,Independiente,General
Camila,Morales,camila.morales.21@iaweek.demo,5491160000021,30000021,Innova Eventos,General
Lucas,Lopez,lucas.lopez.22@iaweek.demo,5491160000022,30000022,Startup House,General
Martina,Alvarez,martina.alvarez.23@iaweek.demo,5491160000023,30000023,Consultora Prisma,General
Nicolas,Herrera,nicolas.herrera.24@iaweek.demo,5491160000024,30000024,Independiente,General
Florencia,Rojas,florencia.rojas.25@iaweek.demo,5491160000025,30000025,Innova Eventos,General
Agustin,Rodriguez,agustin.rodriguez.26@iaweek.demo,5491160000026,30000026,Startup House,General
Julieta,Diaz,julieta.diaz.27@iaweek.demo,5491160000027,30000027,Consultora Prisma,General
Matias,Benitez,matias.benitez.28@iaweek.demo,5491160000028,30000028,Independiente,General
Rocio,Silva,rocio.silva.29@iaweek.demo,5491160000029,30000029,Innova Eventos,General
Sebastian,Campos,sebastian.campos.30@iaweek.demo,5491160000030,30000030,Startup House,General
Ana,Sanchez,ana.sanchez.31@iaweek.demo,5491160000031,30000031,Consultora Prisma,General
Bruno,Flores,bruno.flores.32@iaweek.demo,5491160000032,30000032,Independiente,General
Carla,Molina,carla.molina.33@iaweek.demo,5491160000033,30000033,Innova Eventos,General
Diego,Arias,diego.arias.34@iaweek.demo,5491160000034,30000034,Startup House,General
Elena,Martinez,elena.martinez.35@iaweek.demo,5491160000035,30000035,Consultora Prisma,General
Federico,Ruiz,federico.ruiz.36@iaweek.demo,5491160000036,30000036,Independiente,General
Gabriela,Suarez,gabriela.suarez.37@iaweek.demo,5491160000037,30000037,Innova Eventos,General
Hernan,Cabrera,hernan.cabrera.38@iaweek.demo,5491160000038,30000038,Startup House,General
Irene,Fernandez,irene.fernandez.39@iaweek.demo,5491160000039,30000039,Consultora Prisma,General
Javier,Torres,javier.torres.40@iaweek.demo,5491160000040,30000040,Independiente,General
Laura,Medina,laura.medina.41@iaweek.demo,5491160000041,30000041,Innova Eventos,General
Marcos,Vega,marcos.vega.42@iaweek.demo,5491160000042,30000042,Startup House,General
Natalia,Gomez,natalia.gomez.43@iaweek.demo,5491160000043,30000043,Consultora Prisma,General
Oscar,Romero,oscar.romero.44@iaweek.demo,5491160000044,30000044,Independiente,General
Paula,Acosta,paula.acosta.45@iaweek.demo,5491160000045,30000045,Innova Eventos,General
Ramiro,Ortiz,ramiro.ortiz.46@iaweek.demo,5491160000046,30000046,Startup House,General
Sofia,Ibarra,sofia.ibarra.47@iaweek.demo,5491160000047,30000047,Consultora Prisma,General
Tomas,Perez,tomas.perez.48@iaweek.demo,5491160000048,30000048,Independiente,General
Valeria,Ramirez,valeria.ramirez.49@iaweek.demo,5491160000049,30000049,Innova Eventos,General
Walter,Castro,walter.castro.50@iaweek.demo,5491160000050,30000050,Startup House,General
Camila,Morales,camila.morales.51@iaweek.demo,5491160000051,30000051,Consultora Prisma,General
Lucas,Lopez,lucas.lopez.52@iaweek.demo,5491160000052,30000052,Independiente,General
Martina,Alvarez,martina.alvarez.53@iaweek.demo,5491160000053,30000053,Innova Eventos,General
Nicolas,Herrera,nicolas.herrera.54@iaweek.demo,5491160000054,30000054,Startup House,General
Florencia,Rojas,florencia.rojas.55@iaweek.demo,5491160000055,30000055,Consultora Prisma,General
Agustin,Rodriguez,agustin.rodriguez.56@iaweek.demo,5491160000056,30000056,Independiente,General
Julieta,Diaz,julieta.diaz.57@iaweek.demo,5491160000057,30000057,Innova Eventos,General
Matias,Benitez,matias.benitez.58@iaweek.demo,5491160000058,30000058,Startup House,General
Rocio,Silva,rocio.silva.59@iaweek.demo,5491160000059,30000059,Consultora Prisma,General
Sebastian,Campos,sebastian.campos.60@iaweek.demo,5491160000060,30000060,Independiente,General
Ana,Sanchez,ana.sanchez.61@iaweek.demo,5491160000061,30000061,Innova Eventos,General
Bruno,Flores,bruno.flores.62@iaweek.demo,5491160000062,30000062,Startup House,General
Carla,Molina,carla.molina.63@iaweek.demo,5491160000063,30000063,Consultora Prisma,General
Diego,Arias,diego.arias.64@iaweek.demo,5491160000064,30000064,Independiente,General
Elena,Martinez,elena.martinez.65@iaweek.demo,5491160000065,30000065,Innova Eventos,General
Federico,Ruiz,federico.ruiz.66@iaweek.demo,5491160000066,30000066,Startup House,General
Gabriela,Suarez,gabriela.suarez.67@iaweek.demo,5491160000067,30000067,Consultora Prisma,General
Hernan,Cabrera,hernan.cabrera.68@iaweek.demo,5491160000068,30000068,Independiente,General
Irene,Fernandez,irene.fernandez.69@iaweek.demo,5491160000069,30000069,Innova Eventos,General
Javier,Torres,javier.torres.70@iaweek.demo,5491160000070,30000070,Startup House,General
Laura,Medina,laura.medina.71@iaweek.demo,5491160000071,30000071,Consultora Prisma,General
Marcos,Vega,marcos.vega.72@iaweek.demo,5491160000072,30000072,Independiente,General
Natalia,Gomez,natalia.gomez.73@iaweek.demo,5491160000073,30000073,Innova Eventos,General
Oscar,Romero,oscar.romero.74@iaweek.demo,5491160000074,30000074,Startup House,General
Paula,Acosta,paula.acosta.75@iaweek.demo,5491160000075,30000075,Consultora Prisma,General
Ramiro,Ortiz,ramiro.ortiz.76@iaweek.demo,5491160000076,30000076,Independiente,General
Sofia,Ibarra,sofia.ibarra.77@iaweek.demo,5491160000077,30000077,Innova Eventos,General
Tomas,Perez,tomas.perez.78@iaweek.demo,5491160000078,30000078,Startup House,General
Valeria,Ramirez,valeria.ramirez.79@iaweek.demo,5491160000079,30000079,Consultora Prisma,General
Walter,Castro,walter.castro.80@iaweek.demo,5491160000080,30000080,Independiente,General
Camila,Morales,camila.morales.81@iaweek.demo,5491160000081,30000081,Innova Eventos,General
Lucas,Lopez,lucas.lopez.82@iaweek.demo,5491160000082,30000082,Startup House,General
Martina,Alvarez,martina.alvarez.83@iaweek.demo,5491160000083,30000083,Consultora Prisma,General
Nicolas,Herrera,nicolas.herrera.84@iaweek.demo,5491160000084,30000084,Independiente,General
Florencia,Rojas,florencia.rojas.85@iaweek.demo,5491160000085,30000085,Innova Eventos,General
Agustin,Rodriguez,agustin.rodriguez.86@iaweek.demo,5491160000086,30000086,Startup House,General
Julieta,Diaz,julieta.diaz.87@iaweek.demo,5491160000087,30000087,Consultora Prisma,General
Matias,Benitez,matias.benitez.88@iaweek.demo,5491160000088,30000088,Independiente,General
Rocio,Silva,rocio.silva.89@iaweek.demo,5491160000089,30000089,Innova Eventos,General
Sebastian,Campos,sebastian.campos.90@iaweek.demo,5491160000090,30000090,Startup House,General
Ana,Sanchez,ana.sanchez.91@iaweek.demo,5491160000091,30000091,Consultora Prisma,General
Bruno,Flores,bruno.flores.92@iaweek.demo,5491160000092,30000092,Independiente,General
Carla,Molina,carla.molina.93@iaweek.demo,5491160000093,30000093,Innova Eventos,General
Diego,Arias,diego.arias.94@iaweek.demo,5491160000094,30000094,Startup House,General
Elena,Martinez,elena.martinez.95@iaweek.demo,5491160000095,30000095,Consultora Prisma,General
Federico,Ruiz,federico.ruiz.96@iaweek.demo,5491160000096,30000096,Independiente,General
Gabriela,Suarez,gabriela.suarez.97@iaweek.demo,5491160000097,30000097,Innova Eventos,General
Hernan,Cabrera,hernan.cabrera.98@iaweek.demo,5491160000098,30000098,Startup House,General
Irene,Fernandez,irene.fernandez.99@iaweek.demo,5491160000099,30000099,Consultora Prisma,General
Javier,Torres,javier.torres.100@iaweek.demo,5491160000100,30000100,Independiente,General
Laura,Medina,laura.medina.101@iaweek.demo,5491160000101,30000101,Innova Eventos,General
Marcos,Vega,marcos.vega.102@iaweek.demo,5491160000102,30000102,Startup House,General
Natalia,Gomez,natalia.gomez.103@iaweek.demo,5491160000103,30000103,Consultora Prisma,General
Oscar,Romero,oscar.romero.104@iaweek.demo,5491160000104,30000104,Independiente,General
Paula,Acosta,paula.acosta.105@iaweek.demo,5491160000105,30000105,Innova Eventos,General
Ramiro,Ortiz,ramiro.ortiz.106@iaweek.demo,5491160000106,30000106,Startup House,General
Sofia,Ibarra,sofia.ibarra.107@iaweek.demo,5491160000107,30000107,Consultora Prisma,General
Tomas,Perez,tomas.perez.108@iaweek.demo,5491160000108,30000108,Independiente,General
Valeria,Ramirez,valeria.ramirez.109@iaweek.demo,5491160000109,30000109,Innova Eventos,General
Walter,Castro,walter.castro.110@iaweek.demo,5491160000110,30000110,Startup House,General
Camila,Morales,camila.morales.111@iaweek.demo,5491160000111,30000111,Consultora Prisma,General
Lucas,Lopez,lucas.lopez.112@iaweek.demo,5491160000112,30000112,Independiente,General
Martina,Alvarez,martina.alvarez.113@iaweek.demo,5491160000113,30000113,Innova Eventos,General
Nicolas,Herrera,nicolas.herrera.114@iaweek.demo,5491160000114,30000114,Startup House,General
Florencia,Rojas,florencia.rojas.115@iaweek.demo,5491160000115,30000115,Consultora Prisma,General
Agustin,Rodriguez,agustin.rodriguez.116@iaweek.demo,5491160000116,30000116,Independiente,General
Julieta,Diaz,julieta.diaz.117@iaweek.demo,5491160000117,30000117,Innova Eventos,General
Matias,Benitez,matias.benitez.118@iaweek.demo,5491160000118,30000118,Startup House,General
Rocio,Silva,rocio.silva.119@iaweek.demo,5491160000119,30000119,Consultora Prisma,General
Sebastian,Campos,sebastian.campos.120@iaweek.demo,5491160000120,30000120,Independiente,General
Ana,Sanchez,ana.sanchez.121@iaweek.demo,5491160000121,30000121,Innova Eventos,General
Bruno,Flores,bruno.flores.122@iaweek.demo,5491160000122,30000122,Startup House,General
Carla,Molina,carla.molina.123@iaweek.demo,5491160000123,30000123,Consultora Prisma,General
Diego,Arias,diego.arias.124@iaweek.demo,5491160000124,30000124,Independiente,General
Elena,Martinez,elena.martinez.125@iaweek.demo,5491160000125,30000125,Innova Eventos,General
Federico,Ruiz,federico.ruiz.126@iaweek.demo,5491160000126,30000126,Startup House,General
Gabriela,Suarez,gabriela.suarez.127@iaweek.demo,5491160000127,30000127,Consultora Prisma,General
Hernan,Cabrera,hernan.cabrera.128@iaweek.demo,5491160000128,30000128,Independiente,General
Irene,Fernandez,irene.fernandez.129@iaweek.demo,5491160000129,30000129,Innova Eventos,General
Javier,Torres,javier.torres.130@iaweek.demo,5491160000130,30000130,Startup House,General
Laura,Medina,laura.medina.131@iaweek.demo,5491160000131,30000131,Consultora Prisma,General
Marcos,Vega,marcos.vega.132@iaweek.demo,5491160000132,30000132,Independiente,General
Natalia,Gomez,natalia.gomez.133@iaweek.demo,5491160000133,30000133,Innova Eventos,General
Oscar,Romero,oscar.romero.134@iaweek.demo,5491160000134,30000134,Startup House,General
Paula,Acosta,paula.acosta.135@iaweek.demo,5491160000135,30000135,Consultora Prisma,General
Ramiro,Ortiz,ramiro.ortiz.136@iaweek.demo,5491160000136,30000136,Independiente,General
Sofia,Ibarra,sofia.ibarra.137@iaweek.demo,5491160000137,30000137,Innova Eventos,General
Tomas,Perez,tomas.perez.138@iaweek.demo,5491160000138,30000138,Startup House,General
Valeria,Ramirez,valeria.ramirez.139@iaweek.demo,5491160000139,30000139,Consultora Prisma,General
Walter,Castro,walter.castro.140@iaweek.demo,5491160000140,30000140,Independiente,General
Camila,Morales,camila.morales.141@iaweek.demo,5491160000141,30000141,Innova Eventos,General
Lucas,Lopez,lucas.lopez.142@iaweek.demo,5491160000142,30000142,Startup House,General
Martina,Alvarez,martina.alvarez.143@iaweek.demo,5491160000143,30000143,Consultora Prisma,General
Nicolas,Herrera,nicolas.herrera.144@iaweek.demo,5491160000144,30000144,Independiente,General
Florencia,Rojas,florencia.rojas.145@iaweek.demo,5491160000145,30000145,Innova Eventos,General
Agustin,Rodriguez,agustin.rodriguez.146@iaweek.demo,5491160000146,30000146,Startup House,General
Julieta,Diaz,julieta.diaz.147@iaweek.demo,5491160000147,30000147,Consultora Prisma,General
Matias,Benitez,matias.benitez.148@iaweek.demo,5491160000148,30000148,Independiente,General
Rocio,Silva,rocio.silva.149@iaweek.demo,5491160000149,30000149,Innova Eventos,General
Sebastian,Campos,sebastian.campos.150@iaweek.demo,5491160000150,30000150,Startup House,General
Ana,Sanchez,ana.sanchez.151@iaweek.demo,5491160000151,30000151,Consultora Prisma,General
Bruno,Flores,bruno.flores.152@iaweek.demo,5491160000152,30000152,Independiente,General
Carla,Molina,carla.molina.153@iaweek.demo,5491160000153,30000153,Innova Eventos,General
Diego,Arias,diego.arias.154@iaweek.demo,5491160000154,30000154,Startup House,General
Elena,Martinez,elena.martinez.155@iaweek.demo,5491160000155,30000155,Consultora Prisma,General
Federico,Ruiz,federico.ruiz.156@iaweek.demo,5491160000156,30000156,Independiente,General
Gabriela,Suarez,gabriela.suarez.157@iaweek.demo,5491160000157,30000157,Innova Eventos,General
Hernan,Cabrera,hernan.cabrera.158@iaweek.demo,5491160000158,30000158,Startup House,General
Irene,Fernandez,irene.fernandez.159@iaweek.demo,5491160000159,30000159,Consultora Prisma,General
Javier,Torres,javier.torres.160@iaweek.demo,5491160000160,30000160,Independiente,General
Laura,Medina,laura.medina.161@iaweek.demo,5491160000161,30000161,Innova Eventos,General
Marcos,Vega,marcos.vega.162@iaweek.demo,5491160000162,30000162,Startup House,General
Natalia,Gomez,natalia.gomez.163@iaweek.demo,5491160000163,30000163,Consultora Prisma,General
Oscar,Romero,oscar.romero.164@iaweek.demo,5491160000164,30000164,Independiente,General
Paula,Acosta,paula.acosta.165@iaweek.demo,5491160000165,30000165,Innova Eventos,General
Ramiro,Ortiz,ramiro.ortiz.166@iaweek.demo,5491160000166,30000166,Startup House,General
Sofia,Ibarra,sofia.ibarra.167@iaweek.demo,5491160000167,30000167,Consultora Prisma,General
Tomas,Perez,tomas.perez.168@iaweek.demo,5491160000168,30000168,Independiente,General
Valeria,Ramirez,valeria.ramirez.169@iaweek.demo,5491160000169,30000169,Innova Eventos,General
Walter,Castro,walter.castro.170@iaweek.demo,5491160000170,30000170,Startup House,General
Camila,Morales,camila.morales.171@iaweek.demo,5491160000171,30000171,Consultora Prisma,General
Lucas,Lopez,lucas.lopez.172@iaweek.demo,5491160000172,30000172,Independiente,General
Martina,Alvarez,martina.alvarez.173@iaweek.demo,5491160000173,30000173,Innova Eventos,General
Nicolas,Herrera,nicolas.herrera.174@iaweek.demo,5491160000174,30000174,Startup House,General
Florencia,Rojas,florencia.rojas.175@iaweek.demo,5491160000175,30000175,Consultora Prisma,General
Agustin,Rodriguez,agustin.rodriguez.176@iaweek.demo,5491160000176,30000176,Independiente,General
Julieta,Diaz,julieta.diaz.177@iaweek.demo,5491160000177,30000177,Innova Eventos,General
Matias,Benitez,matias.benitez.178@iaweek.demo,5491160000178,30000178,Startup House,General
Rocio,Silva,rocio.silva.179@iaweek.demo,5491160000179,30000179,Consultora Prisma,General
Sebastian,Campos,sebastian.campos.180@iaweek.demo,5491160000180,30000180,Independiente,General
Ana,Sanchez,ana.sanchez.181@iaweek.demo,5491160000181,30000181,Innova Eventos,General
Bruno,Flores,bruno.flores.182@iaweek.demo,5491160000182,30000182,Startup House,General
Carla,Molina,carla.molina.183@iaweek.demo,5491160000183,30000183,Consultora Prisma,General
Diego,Arias,diego.arias.184@iaweek.demo,5491160000184,30000184,Independiente,General
Elena,Martinez,elena.martinez.185@iaweek.demo,5491160000185,30000185,Innova Eventos,General
Federico,Ruiz,federico.ruiz.186@iaweek.demo,5491160000186,30000186,Startup House,General
Gabriela,Suarez,gabriela.suarez.187@iaweek.demo,5491160000187,30000187,Consultora Prisma,General
Hernan,Cabrera,hernan.cabrera.188@iaweek.demo,5491160000188,30000188,Independiente,General
Irene,Fernandez,irene.fernandez.189@iaweek.demo,5491160000189,30000189,Innova Eventos,General
Javier,Torres,javier.torres.190@iaweek.demo,5491160000190,30000190,Startup House,General
Laura,Medina,laura.medina.191@iaweek.demo,5491160000191,30000191,Consultora Prisma,General
Marcos,Vega,marcos.vega.192@iaweek.demo,5491160000192,30000192,Independiente,General
Natalia,Gomez,natalia.gomez.193@iaweek.demo,5491160000193,30000193,Innova Eventos,General
Oscar,Romero,oscar.romero.194@iaweek.demo,5491160000194,30000194,Startup House,General
Paula,Acosta,paula.acosta.195@iaweek.demo,5491160000195,30000195,Consultora Prisma,General
Ramiro,Ortiz,ramiro.ortiz.196@iaweek.demo,5491160000196,30000196,Independiente,General
Sofia,Ibarra,sofia.ibarra.197@iaweek.demo,5491160000197,30000197,Innova Eventos,General
Tomas,Perez,tomas.perez.198@iaweek.demo,5491160000198,30000198,Startup House,General
Valeria,Ramirez,valeria.ramirez.199@iaweek.demo,5491160000199,30000199,Consultora Prisma,General
Walter,Castro,walter.castro.200@iaweek.demo,5491160000200,30000200,Independiente,General
Camila,Morales,camila.morales.201@iaweek.demo,5491160000201,30000201,Innova Eventos,General
Lucas,Lopez,lucas.lopez.202@iaweek.demo,5491160000202,30000202,Startup House,General
Martina,Alvarez,martina.alvarez.203@iaweek.demo,5491160000203,30000203,Consultora Prisma,General
Nicolas,Herrera,nicolas.herrera.204@iaweek.demo,5491160000204,30000204,Independiente,General
Florencia,Rojas,florencia.rojas.205@iaweek.demo,5491160000205,30000205,Innova Eventos,General
Agustin,Rodriguez,agustin.rodriguez.206@iaweek.demo,5491160000206,30000206,Startup House,General
Julieta,Diaz,julieta.diaz.207@iaweek.demo,5491160000207,30000207,Consultora Prisma,General
Matias,Benitez,matias.benitez.208@iaweek.demo,5491160000208,30000208,Independiente,General
Rocio,Silva,rocio.silva.209@iaweek.demo,5491160000209,30000209,Innova Eventos,General
Sebastian,Campos,sebastian.campos.210@iaweek.demo,5491160000210,30000210,Startup House,General
Ana,Sanchez,ana.sanchez.211@iaweek.demo,5491160000211,30000211,Consultora Prisma,General
Bruno,Flores,bruno.flores.212@iaweek.demo,5491160000212,30000212,Independiente,General
Carla,Molina,carla.molina.213@iaweek.demo,5491160000213,30000213,Innova Eventos,General
Diego,Arias,diego.arias.214@iaweek.demo,5491160000214,30000214,Startup House,General
Elena,Martinez,elena.martinez.215@iaweek.demo,5491160000215,30000215,Consultora Prisma,General
Federico,Ruiz,federico.ruiz.216@iaweek.demo,5491160000216,30000216,Independiente,General
Gabriela,Suarez,gabriela.suarez.217@iaweek.demo,5491160000217,30000217,Innova Eventos,General
Hernan,Cabrera,hernan.cabrera.218@iaweek.demo,5491160000218,30000218,Startup House,General
Irene,Fernandez,irene.fernandez.219@iaweek.demo,5491160000219,30000219,Consultora Prisma,General
Javier,Torres,javier.torres.220@iaweek.demo,5491160000220,30000220,Independiente,General
Laura,Medina,laura.medina.221@iaweek.demo,5491160000221,30000221,Innova Eventos,General
Marcos,Vega,marcos.vega.222@iaweek.demo,5491160000222,30000222,Startup House,General
Natalia,Gomez,natalia.gomez.223@iaweek.demo,5491160000223,30000223,Consultora Prisma,General
Oscar,Romero,oscar.romero.224@iaweek.demo,5491160000224,30000224,Independiente,General
Paula,Acosta,paula.acosta.225@iaweek.demo,5491160000225,30000225,Innova Eventos,General
Ramiro,Ortiz,ramiro.ortiz.226@iaweek.demo,5491160000226,30000226,Startup House,General
Sofia,Ibarra,sofia.ibarra.227@iaweek.demo,5491160000227,30000227,Consultora Prisma,General
Tomas,Perez,tomas.perez.228@iaweek.demo,5491160000228,30000228,Independiente,General
Valeria,Ramirez,valeria.ramirez.229@iaweek.demo,5491160000229,30000229,Innova Eventos,General
Walter,Castro,walter.castro.230@iaweek.demo,5491160000230,30000230,Startup House,General
Camila,Morales,camila.morales.231@iaweek.demo,5491160000231,30000231,Consultora Prisma,General
Lucas,Lopez,lucas.lopez.232@iaweek.demo,5491160000232,30000232,Independiente,General
Martina,Alvarez,martina.alvarez.233@iaweek.demo,5491160000233,30000233,Innova Eventos,General
Nicolas,Herrera,nicolas.herrera.234@iaweek.demo,5491160000234,30000234,Startup House,General
Florencia,Rojas,florencia.rojas.235@iaweek.demo,5491160000235,30000235,Consultora Prisma,General
Agustin,Rodriguez,agustin.rodriguez.236@iaweek.demo,5491160000236,30000236,Independiente,General
Julieta,Diaz,julieta.diaz.237@iaweek.demo,5491160000237,30000237,Innova Eventos,General
Matias,Benitez,matias.benitez.238@iaweek.demo,5491160000238,30000238,Startup House,General
Rocio,Silva,rocio.silva.239@iaweek.demo,5491160000239,30000239,Consultora Prisma,General
Sebastian,Campos,sebastian.campos.240@iaweek.demo,5491160000240,30000240,Independiente,General
Ana,Sanchez,ana.sanchez.241@iaweek.demo,5491160000241,30000241,Innova Eventos,General
Bruno,Flores,bruno.flores.242@iaweek.demo,5491160000242,30000242,Startup House,General
Carla,Molina,carla.molina.243@iaweek.demo,5491160000243,30000243,Consultora Prisma,General
Diego,Arias,diego.arias.244@iaweek.demo,5491160000244,30000244,Independiente,General
Elena,Martinez,elena.martinez.245@iaweek.demo,5491160000245,30000245,Innova Eventos,General
Federico,Ruiz,federico.ruiz.246@iaweek.demo,5491160000246,30000246,Startup House,General
Gabriela,Suarez,gabriela.suarez.247@iaweek.demo,5491160000247,30000247,Consultora Prisma,General
Hernan,Cabrera,hernan.cabrera.248@iaweek.demo,5491160000248,30000248,Independiente,General
Irene,Fernandez,irene.fernandez.249@iaweek.demo,5491160000249,30000249,Innova Eventos,General
Javier,Torres,javier.torres.250@iaweek.demo,5491160000250,30000250,Startup House,General
Laura,Medina,laura.medina.251@iaweek.demo,5491160000251,30000251,Consultora Prisma,General
Marcos,Vega,marcos.vega.252@iaweek.demo,5491160000252,30000252,Independiente,General
Natalia,Gomez,natalia.gomez.253@iaweek.demo,5491160000253,30000253,Innova Eventos,General
Oscar,Romero,oscar.romero.254@iaweek.demo,5491160000254,30000254,Startup House,General
Paula,Acosta,paula.acosta.255@iaweek.demo,5491160000255,30000255,Consultora Prisma,General
Ramiro,Ortiz,ramiro.ortiz.256@iaweek.demo,5491160000256,30000256,Independiente,General
Sofia,Ibarra,sofia.ibarra.257@iaweek.demo,5491160000257,30000257,Innova Eventos,General
Tomas,Perez,tomas.perez.258@iaweek.demo,5491160000258,30000258,Startup House,General
Valeria,Ramirez,valeria.ramirez.259@iaweek.demo,5491160000259,30000259,Consultora Prisma,General
Walter,Castro,walter.castro.260@iaweek.demo,5491160000260,30000260,Independiente,General
Camila,Morales,camila.morales.261@iaweek.demo,5491160000261,30000261,Innova Eventos,General
Lucas,Lopez,lucas.lopez.262@iaweek.demo,5491160000262,30000262,Startup House,General
Martina,Alvarez,martina.alvarez.263@iaweek.demo,5491160000263,30000263,Consultora Prisma,General
Nicolas,Herrera,nicolas.herrera.264@iaweek.demo,5491160000264,30000264,Independiente,General
Florencia,Rojas,florencia.rojas.265@iaweek.demo,5491160000265,30000265,Innova Eventos,General
Agustin,Rodriguez,agustin.rodriguez.266@iaweek.demo,5491160000266,30000266,Startup House,General
Julieta,Diaz,julieta.diaz.267@iaweek.demo,5491160000267,30000267,Consultora Prisma,General
Matias,Benitez,matias.benitez.268@iaweek.demo,5491160000268,30000268,Independiente,General
Rocio,Silva,rocio.silva.269@iaweek.demo,5491160000269,30000269,Innova Eventos,General
Sebastian,Campos,sebastian.campos.270@iaweek.demo,5491160000270,30000270,Startup House,General
Ana,Sanchez,ana.sanchez.271@iaweek.demo,5491160000271,30000271,Consultora Prisma,General
Bruno,Flores,bruno.flores.272@iaweek.demo,5491160000272,30000272,Independiente,General
Carla,Molina,carla.molina.273@iaweek.demo,5491160000273,30000273,Innova Eventos,General
Diego,Arias,diego.arias.274@iaweek.demo,5491160000274,30000274,Startup House,General
Elena,Martinez,elena.martinez.275@iaweek.demo,5491160000275,30000275,Consultora Prisma,General
Federico,Ruiz,federico.ruiz.276@iaweek.demo,5491160000276,30000276,Independiente,General
Gabriela,Suarez,gabriela.suarez.277@iaweek.demo,5491160000277,30000277,Innova Eventos,General
Hernan,Cabrera,hernan.cabrera.278@iaweek.demo,5491160000278,30000278,Startup House,General
Irene,Fernandez,irene.fernandez.279@iaweek.demo,5491160000279,30000279,Consultora Prisma,General
Javier,Torres,javier.torres.280@iaweek.demo,5491160000280,30000280,Independiente,General
Laura,Medina,laura.medina.281@iaweek.demo,5491160000281,30000281,Innova Eventos,General
Marcos,Vega,marcos.vega.282@iaweek.demo,5491160000282,30000282,Startup House,General
Natalia,Gomez,natalia.gomez.283@iaweek.demo,5491160000283,30000283,Consultora Prisma,General
Oscar,Romero,oscar.romero.284@iaweek.demo,5491160000284,30000284,Independiente,General
Paula,Acosta,paula.acosta.285@iaweek.demo,5491160000285,30000285,Innova Eventos,General
Ramiro,Ortiz,ramiro.ortiz.286@iaweek.demo,5491160000286,30000286,Startup House,General
Sofia,Ibarra,sofia.ibarra.287@iaweek.demo,5491160000287,30000287,Consultora Prisma,General
Tomas,Perez,tomas.perez.288@iaweek.demo,5491160000288,30000288,Independiente,General
Valeria,Ramirez,valeria.ramirez.289@iaweek.demo,5491160000289,30000289,Innova Eventos,General
Walter,Castro,walter.castro.290@iaweek.demo,5491160000290,30000290,Startup House,General
Camila,Morales,camila.morales.291@iaweek.demo,5491160000291,30000291,Consultora Prisma,General
Lucas,Lopez,lucas.lopez.292@iaweek.demo,5491160000292,30000292,Independiente,General
Martina,Alvarez,martina.alvarez.293@iaweek.demo,5491160000293,30000293,Innova Eventos,General
Nicolas,Herrera,nicolas.herrera.294@iaweek.demo,5491160000294,30000294,Startup House,General
Florencia,Rojas,florencia.rojas.295@iaweek.demo,5491160000295,30000295,Consultora Prisma,General
Agustin,Rodriguez,agustin.rodriguez.296@iaweek.demo,5491160000296,30000296,Independiente,General
Julieta,Diaz,julieta.diaz.297@iaweek.demo,5491160000297,30000297,Innova Eventos,General
Matias,Benitez,matias.benitez.298@iaweek.demo,5491160000298,30000298,Startup House,General
Rocio,Silva,rocio.silva.299@iaweek.demo,5491160000299,30000299,Consultora Prisma,General
Sebastian,Campos,sebastian.campos.300@iaweek.demo,5491160000300,30000300,Independiente,General
Ana,Sanchez,ana.sanchez.301@iaweek.demo,5491160000301,30000301,Innova Eventos,General
Bruno,Flores,bruno.flores.302@iaweek.demo,5491160000302,30000302,Startup House,General
Carla,Molina,carla.molina.303@iaweek.demo,5491160000303,30000303,Consultora Prisma,General
Diego,Arias,diego.arias.304@iaweek.demo,5491160000304,30000304,Independiente,General
Elena,Martinez,elena.martinez.305@iaweek.demo,5491160000305,30000305,Innova Eventos,General
Federico,Ruiz,federico.ruiz.306@iaweek.demo,5491160000306,30000306,Startup House,General
Gabriela,Suarez,gabriela.suarez.307@iaweek.demo,5491160000307,30000307,Consultora Prisma,General
Hernan,Cabrera,hernan.cabrera.308@iaweek.demo,5491160000308,30000308,Independiente,General
Irene,Fernandez,irene.fernandez.309@iaweek.demo,5491160000309,30000309,Innova Eventos,General
Javier,Torres,javier.torres.310@iaweek.demo,5491160000310,30000310,Startup House,General
Laura,Medina,laura.medina.311@iaweek.demo,5491160000311,30000311,Consultora Prisma,General
Marcos,Vega,marcos.vega.312@iaweek.demo,5491160000312,30000312,Independiente,General
Natalia,Gomez,natalia.gomez.313@iaweek.demo,5491160000313,30000313,Innova Eventos,General
Oscar,Romero,oscar.romero.314@iaweek.demo,5491160000314,30000314,Startup House,General
Paula,Acosta,paula.acosta.315@iaweek.demo,5491160000315,30000315,Consultora Prisma,General
Ramiro,Ortiz,ramiro.ortiz.316@iaweek.demo,5491160000316,30000316,Independiente,General
Sofia,Ibarra,sofia.ibarra.317@iaweek.demo,5491160000317,30000317,Innova Eventos,General
Tomas,Perez,tomas.perez.318@iaweek.demo,5491160000318,30000318,Startup House,General
Valeria,Ramirez,valeria.ramirez.319@iaweek.demo,5491160000319,30000319,Consultora Prisma,General
Walter,Castro,walter.castro.320@iaweek.demo,5491160000320,30000320,Independiente,General
Camila,Morales,camila.morales.321@iaweek.demo,5491160000321,30000321,Innova Eventos,General
Lucas,Lopez,lucas.lopez.322@iaweek.demo,5491160000322,30000322,Startup House,General
Martina,Alvarez,martina.alvarez.323@iaweek.demo,5491160000323,30000323,Consultora Prisma,General
Nicolas,Herrera,nicolas.herrera.324@iaweek.demo,5491160000324,30000324,Independiente,General
Florencia,Rojas,florencia.rojas.325@iaweek.demo,5491160000325,30000325,Innova Eventos,General
Agustin,Rodriguez,agustin.rodriguez.326@iaweek.demo,5491160000326,30000326,Startup House,General
Julieta,Diaz,julieta.diaz.327@iaweek.demo,5491160000327,30000327,Consultora Prisma,General
Matias,Benitez,matias.benitez.328@iaweek.demo,5491160000328,30000328,Independiente,General
Rocio,Silva,rocio.silva.329@iaweek.demo,5491160000329,30000329,Innova Eventos,General
Sebastian,Campos,sebastian.campos.330@iaweek.demo,5491160000330,30000330,Startup House,General
Ana,Sanchez,ana.sanchez.331@iaweek.demo,5491160000331,30000331,Consultora Prisma,General
Bruno,Flores,bruno.flores.332@iaweek.demo,5491160000332,30000332,Independiente,General
Carla,Molina,carla.molina.333@iaweek.demo,5491160000333,30000333,Innova Eventos,General
Diego,Arias,diego.arias.334@iaweek.demo,5491160000334,30000334,Startup House,General
Elena,Martinez,elena.martinez.335@iaweek.demo,5491160000335,30000335,Consultora Prisma,General
Federico,Ruiz,federico.ruiz.336@iaweek.demo,5491160000336,30000336,Independiente,General
Gabriela,Suarez,gabriela.suarez.337@iaweek.demo,5491160000337,30000337,Innova Eventos,General
Hernan,Cabrera,hernan.cabrera.338@iaweek.demo,5491160000338,30000338,Startup House,General
Irene,Fernandez,irene.fernandez.339@iaweek.demo,5491160000339,30000339,Consultora Prisma,General
Javier,Torres,javier.torres.340@iaweek.demo,5491160000340,30000340,Independiente,General
Laura,Medina,laura.medina.341@iaweek.demo,5491160000341,30000341,Innova Eventos,General
Marcos,Vega,marcos.vega.342@iaweek.demo,5491160000342,30000342,Startup House,General
Natalia,Gomez,natalia.gomez.343@iaweek.demo,5491160000343,30000343,Consultora Prisma,General
Oscar,Romero,oscar.romero.344@iaweek.demo,5491160000344,30000344,Independiente,General
Paula,Acosta,paula.acosta.345@iaweek.demo,5491160000345,30000345,Innova Eventos,General
Ramiro,Ortiz,ramiro.ortiz.346@iaweek.demo,5491160000346,30000346,Startup House,General
Sofia,Ibarra,sofia.ibarra.347@iaweek.demo,5491160000347,30000347,Consultora Prisma,General
Tomas,Perez,tomas.perez.348@iaweek.demo,5491160000348,30000348,Independiente,General
Valeria,Ramirez,valeria.ramirez.349@iaweek.demo,5491160000349,30000349,Innova Eventos,General
Walter,Castro,walter.castro.350@iaweek.demo,5491160000350,30000350,Startup House,General
Camila,Morales,camila.morales.351@iaweek.demo,5491160000351,30000351,Consultora Prisma,General
Lucas,Lopez,lucas.lopez.352@iaweek.demo,5491160000352,30000352,Independiente,General
Martina,Alvarez,martina.alvarez.353@iaweek.demo,5491160000353,30000353,Innova Eventos,General
Nicolas,Herrera,nicolas.herrera.354@iaweek.demo,5491160000354,30000354,Startup House,General
Florencia,Rojas,florencia.rojas.355@iaweek.demo,5491160000355,30000355,Consultora Prisma,General
Agustin,Rodriguez,agustin.rodriguez.356@iaweek.demo,5491160000356,30000356,Independiente,General
Julieta,Diaz,julieta.diaz.357@iaweek.demo,5491160000357,30000357,Innova Eventos,General
Matias,Benitez,matias.benitez.358@iaweek.demo,5491160000358,30000358,Startup House,General
Rocio,Silva,rocio.silva.359@iaweek.demo,5491160000359,30000359,Consultora Prisma,General
Sebastian,Campos,sebastian.campos.360@iaweek.demo,5491160000360,30000360,Independiente,General
Ana,Sanchez,ana.sanchez.361@iaweek.demo,5491160000361,30000361,Innova Eventos,VIP
Bruno,Flores,bruno.flores.362@iaweek.demo,5491160000362,30000362,Startup House,VIP
Carla,Molina,carla.molina.363@iaweek.demo,5491160000363,30000363,Consultora Prisma,VIP
Diego,Arias,diego.arias.364@iaweek.demo,5491160000364,30000364,Independiente,VIP
Elena,Martinez,elena.martinez.365@iaweek.demo,5491160000365,30000365,Innova Eventos,VIP
Federico,Ruiz,federico.ruiz.366@iaweek.demo,5491160000366,30000366,Startup House,VIP
Gabriela,Suarez,gabriela.suarez.367@iaweek.demo,5491160000367,30000367,Consultora Prisma,VIP
Hernan,Cabrera,hernan.cabrera.368@iaweek.demo,5491160000368,30000368,Independiente,VIP
Irene,Fernandez,irene.fernandez.369@iaweek.demo,5491160000369,30000369,Innova Eventos,VIP
Javier,Torres,javier.torres.370@iaweek.demo,5491160000370,30000370,Startup House,VIP
Laura,Medina,laura.medina.371@iaweek.demo,5491160000371,30000371,Consultora Prisma,VIP
Marcos,Vega,marcos.vega.372@iaweek.demo,5491160000372,30000372,Independiente,VIP
Natalia,Gomez,natalia.gomez.373@iaweek.demo,5491160000373,30000373,Innova Eventos,VIP
Oscar,Romero,oscar.romero.374@iaweek.demo,5491160000374,30000374,Startup House,VIP
Paula,Acosta,paula.acosta.375@iaweek.demo,5491160000375,30000375,Consultora Prisma,VIP
Ramiro,Ortiz,ramiro.ortiz.376@iaweek.demo,5491160000376,30000376,Independiente,VIP
Sofia,Ibarra,sofia.ibarra.377@iaweek.demo,5491160000377,30000377,Innova Eventos,VIP
Tomas,Perez,tomas.perez.378@iaweek.demo,5491160000378,30000378,Startup House,VIP
Valeria,Ramirez,valeria.ramirez.379@iaweek.demo,5491160000379,30000379,Consultora Prisma,VIP
Walter,Castro,walter.castro.380@iaweek.demo,5491160000380,30000380,Independiente,VIP
Camila,Morales,camila.morales.381@iaweek.demo,5491160000381,30000381,Innova Eventos,VIP
Lucas,Lopez,lucas.lopez.382@iaweek.demo,5491160000382,30000382,Startup House,VIP
Martina,Alvarez,martina.alvarez.383@iaweek.demo,5491160000383,30000383,Consultora Prisma,VIP
Nicolas,Herrera,nicolas.herrera.384@iaweek.demo,5491160000384,30000384,Independiente,VIP
Florencia,Rojas,florencia.rojas.385@iaweek.demo,5491160000385,30000385,Innova Eventos,VIP
Agustin,Rodriguez,agustin.rodriguez.386@iaweek.demo,5491160000386,30000386,Startup House,VIP
Julieta,Diaz,julieta.diaz.387@iaweek.demo,5491160000387,30000387,Consultora Prisma,VIP
Matias,Benitez,matias.benitez.388@iaweek.demo,5491160000388,30000388,Independiente,VIP
Rocio,Silva,rocio.silva.389@iaweek.demo,5491160000389,30000389,Innova Eventos,VIP
Sebastian,Campos,sebastian.campos.390@iaweek.demo,5491160000390,30000390,Startup House,VIP
Ana,Sanchez,ana.sanchez.391@iaweek.demo,5491160000391,30000391,Consultora Prisma,VIP
Bruno,Flores,bruno.flores.392@iaweek.demo,5491160000392,30000392,Independiente,VIP
Carla,Molina,carla.molina.393@iaweek.demo,5491160000393,30000393,Innova Eventos,VIP
Diego,Arias,diego.arias.394@iaweek.demo,5491160000394,30000394,Startup House,VIP
Elena,Martinez,elena.martinez.395@iaweek.demo,5491160000395,30000395,Consultora Prisma,VIP
Federico,Ruiz,federico.ruiz.396@iaweek.demo,5491160000396,30000396,Independiente,VIP
Gabriela,Suarez,gabriela.suarez.397@iaweek.demo,5491160000397,30000397,Innova Eventos,VIP
Hernan,Cabrera,hernan.cabrera.398@iaweek.demo,5491160000398,30000398,Startup House,VIP
Irene,Fernandez,irene.fernandez.399@iaweek.demo,5491160000399,30000399,Consultora Prisma,VIP
Javier,Torres,javier.torres.400@iaweek.demo,5491160000400,30000400,Independiente,VIP
Laura,Medina,laura.medina.401@iaweek.demo,5491160000401,30000401,Innova Eventos,Prensa
Marcos,Vega,marcos.vega.402@iaweek.demo,5491160000402,30000402,Startup House,Prensa
Natalia,Gomez,natalia.gomez.403@iaweek.demo,5491160000403,30000403,Consultora Prisma,Prensa
Oscar,Romero,oscar.romero.404@iaweek.demo,5491160000404,30000404,Independiente,Prensa
Paula,Acosta,paula.acosta.405@iaweek.demo,5491160000405,30000405,Innova Eventos,Prensa
Ramiro,Ortiz,ramiro.ortiz.406@iaweek.demo,5491160000406,30000406,Startup House,Prensa
Sofia,Ibarra,sofia.ibarra.407@iaweek.demo,5491160000407,30000407,Consultora Prisma,Prensa
Tomas,Perez,tomas.perez.408@iaweek.demo,5491160000408,30000408,Independiente,Prensa
Valeria,Ramirez,valeria.ramirez.409@iaweek.demo,5491160000409,30000409,Innova Eventos,Prensa
Walter,Castro,walter.castro.410@iaweek.demo,5491160000410,30000410,Startup House,Prensa
Camila,Morales,camila.morales.411@iaweek.demo,5491160000411,30000411,Consultora Prisma,Prensa
Lucas,Lopez,lucas.lopez.412@iaweek.demo,5491160000412,30000412,Independiente,Prensa
Martina,Alvarez,martina.alvarez.413@iaweek.demo,5491160000413,30000413,Innova Eventos,Prensa
Nicolas,Herrera,nicolas.herrera.414@iaweek.demo,5491160000414,30000414,Startup House,Prensa
Florencia,Rojas,florencia.rojas.415@iaweek.demo,5491160000415,30000415,Consultora Prisma,Prensa
Agustin,Rodriguez,agustin.rodriguez.416@iaweek.demo,5491160000416,30000416,Independiente,Prensa
Julieta,Diaz,julieta.diaz.417@iaweek.demo,5491160000417,30000417,Innova Eventos,Prensa
Matias,Benitez,matias.benitez.418@iaweek.demo,5491160000418,30000418,Startup House,Prensa
Rocio,Silva,rocio.silva.419@iaweek.demo,5491160000419,30000419,Consultora Prisma,Prensa
Sebastian,Campos,sebastian.campos.420@iaweek.demo,5491160000420,30000420,Independiente,Prensa
Ana,Sanchez,ana.sanchez.421@iaweek.demo,5491160000421,30000421,Innova Eventos,Prensa
Bruno,Flores,bruno.flores.422@iaweek.demo,5491160000422,30000422,Startup House,Prensa
Carla,Molina,carla.molina.423@iaweek.demo,5491160000423,30000423,Consultora Prisma,Prensa
Diego,Arias,diego.arias.424@iaweek.demo,5491160000424,30000424,Independiente,Prensa
Elena,Martinez,elena.martinez.425@iaweek.demo,5491160000425,30000425,Innova Eventos,Prensa
Federico,Ruiz,federico.ruiz.426@iaweek.demo,5491160000426,30000426,Startup House,Prensa
Gabriela,Suarez,gabriela.suarez.427@iaweek.demo,5491160000427,30000427,Consultora Prisma,Prensa
Hernan,Cabrera,hernan.cabrera.428@iaweek.demo,5491160000428,30000428,Independiente,Prensa
Irene,Fernandez,irene.fernandez.429@iaweek.demo,5491160000429,30000429,Innova Eventos,Prensa
Javier,Torres,javier.torres.430@iaweek.demo,5491160000430,30000430,Startup House,Prensa
Laura,Medina,laura.medina.431@iaweek.demo,5491160000431,30000431,Consultora Prisma,Prensa
Marcos,Vega,marcos.vega.432@iaweek.demo,5491160000432,30000432,Independiente,Prensa
Natalia,Gomez,natalia.gomez.433@iaweek.demo,5491160000433,30000433,Innova Eventos,Prensa
Oscar,Romero,oscar.romero.434@iaweek.demo,5491160000434,30000434,Startup House,Prensa
Paula,Acosta,paula.acosta.435@iaweek.demo,5491160000435,30000435,Consultora Prisma,Prensa
Ramiro,Ortiz,ramiro.ortiz.436@iaweek.demo,5491160000436,30000436,Independiente,Staff
Sofia,Ibarra,sofia.ibarra.437@iaweek.demo,5491160000437,30000437,Innova Eventos,Staff
Tomas,Perez,tomas.perez.438@iaweek.demo,5491160000438,30000438,Startup House,Staff
Valeria,Ramirez,valeria.ramirez.439@iaweek.demo,5491160000439,30000439,Consultora Prisma,Staff
Walter,Castro,walter.castro.440@iaweek.demo,5491160000440,30000440,Independiente,Staff
Camila,Morales,camila.morales.441@iaweek.demo,5491160000441,30000441,Innova Eventos,Staff
Lucas,Lopez,lucas.lopez.442@iaweek.demo,5491160000442,30000442,Startup House,Staff
Martina,Alvarez,martina.alvarez.443@iaweek.demo,5491160000443,30000443,Consultora Prisma,Staff
Nicolas,Herrera,nicolas.herrera.444@iaweek.demo,5491160000444,30000444,Independiente,Staff
Florencia,Rojas,florencia.rojas.445@iaweek.demo,5491160000445,30000445,Innova Eventos,Staff
Agustin,Rodriguez,agustin.rodriguez.446@iaweek.demo,5491160000446,30000446,Startup House,Staff
Julieta,Diaz,julieta.diaz.447@iaweek.demo,5491160000447,30000447,Consultora Prisma,Staff
Matias,Benitez,matias.benitez.448@iaweek.demo,5491160000448,30000448,Independiente,Staff
Rocio,Silva,rocio.silva.449@iaweek.demo,5491160000449,30000449,Innova Eventos,Staff
Sebastian,Campos,sebastian.campos.450@iaweek.demo,5491160000450,30000450,Startup House,Staff
Ana,Sanchez,ana.sanchez.451@iaweek.demo,5491160000451,30000451,Consultora Prisma,Staff
Bruno,Flores,bruno.flores.452@iaweek.demo,5491160000452,30000452,Independiente,Staff
Carla,Molina,carla.molina.453@iaweek.demo,5491160000453,30000453,Innova Eventos,Staff
Diego,Arias,diego.arias.454@iaweek.demo,5491160000454,30000454,Startup House,Staff
Elena,Martinez,elena.martinez.455@iaweek.demo,5491160000455,30000455,Consultora Prisma,Staff
Federico,Ruiz,federico.ruiz.456@iaweek.demo,5491160000456,30000456,Independiente,Staff
Gabriela,Suarez,gabriela.suarez.457@iaweek.demo,5491160000457,30000457,Innova Eventos,Staff
Hernan,Cabrera,hernan.cabrera.458@iaweek.demo,5491160000458,30000458,Startup House,Staff
Irene,Fernandez,irene.fernandez.459@iaweek.demo,5491160000459,30000459,Consultora Prisma,Staff
Javier,Torres,javier.torres.460@iaweek.demo,5491160000460,30000460,Independiente,Staff
Laura,Medina,laura.medina.461@iaweek.demo,5491160000461,30000461,Innova Eventos,Staff
Marcos,Vega,marcos.vega.462@iaweek.demo,5491160000462,30000462,Startup House,Staff
Natalia,Gomez,natalia.gomez.463@iaweek.demo,5491160000463,30000463,Consultora Prisma,Staff
Oscar,Romero,oscar.romero.464@iaweek.demo,5491160000464,30000464,Independiente,Staff
Paula,Acosta,paula.acosta.465@iaweek.demo,5491160000465,30000465,Innova Eventos,Staff
Ramiro,Ortiz,ramiro.ortiz.466@iaweek.demo,5491160000466,30000466,Startup House,Sponsor
Sofia,Ibarra,sofia.ibarra.467@iaweek.demo,5491160000467,30000467,Consultora Prisma,Sponsor
Tomas,Perez,tomas.perez.468@iaweek.demo,5491160000468,30000468,Independiente,Sponsor
Valeria,Ramirez,valeria.ramirez.469@iaweek.demo,5491160000469,30000469,Innova Eventos,Sponsor
Walter,Castro,walter.castro.470@iaweek.demo,5491160000470,30000470,Startup House,Sponsor
Camila,Morales,camila.morales.471@iaweek.demo,5491160000471,30000471,Consultora Prisma,Sponsor
Lucas,Lopez,lucas.lopez.472@iaweek.demo,5491160000472,30000472,Independiente,Sponsor
Martina,Alvarez,martina.alvarez.473@iaweek.demo,5491160000473,30000473,Innova Eventos,Sponsor
Nicolas,Herrera,nicolas.herrera.474@iaweek.demo,5491160000474,30000474,Startup House,Sponsor
Florencia,Rojas,florencia.rojas.475@iaweek.demo,5491160000475,30000475,Consultora Prisma,Sponsor
Agustin,Rodriguez,agustin.rodriguez.476@iaweek.demo,5491160000476,30000476,Independiente,Sponsor
Julieta,Diaz,julieta.diaz.477@iaweek.demo,5491160000477,30000477,Innova Eventos,Sponsor
Matias,Benitez,matias.benitez.478@iaweek.demo,5491160000478,30000478,Startup House,Sponsor
Rocio,Silva,rocio.silva.479@iaweek.demo,5491160000479,30000479,Consultora Prisma,Sponsor
Sebastian,Campos,sebastian.campos.480@iaweek.demo,5491160000480,30000480,Independiente,Sponsor
Ana,Sanchez,ana.sanchez.481@iaweek.demo,5491160000481,30000481,Innova Eventos,Sponsor
Bruno,Flores,bruno.flores.482@iaweek.demo,5491160000482,30000482,Startup House,Sponsor
Carla,Molina,carla.molina.483@iaweek.demo,5491160000483,30000483,Consultora Prisma,Sponsor
Diego,Arias,diego.arias.484@iaweek.demo,5491160000484,30000484,Independiente,Sponsor
Elena,Martinez,elena.martinez.485@iaweek.demo,5491160000485,30000485,Innova Eventos,Sponsor
Federico,Ruiz,federico.ruiz.486@iaweek.demo,5491160000486,30000486,Startup House,Sponsor
Gabriela,Suarez,gabriela.suarez.487@iaweek.demo,5491160000487,30000487,Consultora Prisma,Sponsor
Hernan,Cabrera,hernan.cabrera.488@iaweek.demo,5491160000488,30000488,Independiente,Sponsor
Irene,Fernandez,irene.fernandez.489@iaweek.demo,5491160000489,30000489,Innova Eventos,Sponsor
Javier,Torres,javier.torres.490@iaweek.demo,5491160000490,30000490,Startup House,Sponsor
Laura,Medina,laura.medina.491@iaweek.demo,5491160000491,30000491,Consultora Prisma,Disertante
Marcos,Vega,marcos.vega.492@iaweek.demo,5491160000492,30000492,Independiente,Disertante
Natalia,Gomez,natalia.gomez.493@iaweek.demo,5491160000493,30000493,Innova Eventos,Disertante
Oscar,Romero,oscar.romero.494@iaweek.demo,5491160000494,30000494,Startup House,Disertante
Paula,Acosta,paula.acosta.495@iaweek.demo,5491160000495,30000495,Consultora Prisma,Disertante
Ramiro,Ortiz,ramiro.ortiz.496@iaweek.demo,5491160000496,30000496,Independiente,Disertante
Sofia,Ibarra,sofia.ibarra.497@iaweek.demo,5491160000497,30000497,Innova Eventos,Disertante
Tomas,Perez,tomas.perez.498@iaweek.demo,5491160000498,30000498,Startup House,Disertante
Valeria,Ramirez,valeria.ramirez.499@iaweek.demo,5491160000499,30000499,Consultora Prisma,Disertante
Walter,Castro,walter.castro.500@iaweek.demo,5491160000500,30000500,Independiente,Disertante
